"seccion","tipo","nombre_municipio","cabecera_distrital_local"
"222","U","AGUASCALIENTES","AGUASCALIENTES"
"223","U","AGUASCALIENTES","AGUASCALIENTES"
"224","U","AGUASCALIENTES","AGUASCALIENTES"
"225","U","AGUASCALIENTES","AGUASCALIENTES"
"226","U","AGUASCALIENTES","AGUASCALIENTES"
"227","U","AGUASCALIENTES","AGUASCALIENTES"
"228","U","AGUASCALIENTES","AGUASCALIENTES"
"229","U","AGUASCALIENTES","AGUASCALIENTES"
"230","U","AGUASCALIENTES","AGUASCALIENTES"
"231","U","AGUASCALIENTES","AGUASCALIENTES"
"232","U","AGUASCALIENTES","AGUASCALIENTES"
"233","U","AGUASCALIENTES","AGUASCALIENTES"
"234","U","AGUASCALIENTES","AGUASCALIENTES"
"235","U","AGUASCALIENTES","AGUASCALIENTES"
"236","U","AGUASCALIENTES","AGUASCALIENTES"
"237","U","AGUASCALIENTES","AGUASCALIENTES"
"238","U","AGUASCALIENTES","AGUASCALIENTES"
"239","U","AGUASCALIENTES","AGUASCALIENTES"
"240","U","AGUASCALIENTES","AGUASCALIENTES"
"241","U","AGUASCALIENTES","AGUASCALIENTES"
"242","U","AGUASCALIENTES","AGUASCALIENTES"
"243","U","AGUASCALIENTES","AGUASCALIENTES"
"244","U","AGUASCALIENTES","AGUASCALIENTES"
"245","U","AGUASCALIENTES","AGUASCALIENTES"
"246","U","AGUASCALIENTES","AGUASCALIENTES"
"247","U","AGUASCALIENTES","AGUASCALIENTES"
"248","U","AGUASCALIENTES","AGUASCALIENTES"
"249","U","AGUASCALIENTES","AGUASCALIENTES"
"250","U","AGUASCALIENTES","AGUASCALIENTES"
"251","U","AGUASCALIENTES","AGUASCALIENTES"
"252","U","AGUASCALIENTES","AGUASCALIENTES"
"253","U","AGUASCALIENTES","AGUASCALIENTES"
"254","U","AGUASCALIENTES","AGUASCALIENTES"
"255","U","AGUASCALIENTES","AGUASCALIENTES"
"256","U","AGUASCALIENTES","AGUASCALIENTES"
"257","U","AGUASCALIENTES","AGUASCALIENTES"
"258","U","AGUASCALIENTES","AGUASCALIENTES"
"259","U","AGUASCALIENTES","AGUASCALIENTES"
"260","U","AGUASCALIENTES","AGUASCALIENTES"
"261","U","AGUASCALIENTES","AGUASCALIENTES"
"262","U","AGUASCALIENTES","AGUASCALIENTES"
"263","U","AGUASCALIENTES","AGUASCALIENTES"
"264","U","AGUASCALIENTES","AGUASCALIENTES"
"265","U","AGUASCALIENTES","AGUASCALIENTES"
"266","U","AGUASCALIENTES","AGUASCALIENTES"
"267","U","AGUASCALIENTES","AGUASCALIENTES"
"268","U","AGUASCALIENTES","AGUASCALIENTES"
"269","U","AGUASCALIENTES","AGUASCALIENTES"
"270","U","AGUASCALIENTES","AGUASCALIENTES"
"271","U","AGUASCALIENTES","AGUASCALIENTES"
"272","U","AGUASCALIENTES","AGUASCALIENTES"
"273","U","AGUASCALIENTES","AGUASCALIENTES"
"274","U","AGUASCALIENTES","AGUASCALIENTES"
"275","U","AGUASCALIENTES","AGUASCALIENTES"
"276","U","AGUASCALIENTES","AGUASCALIENTES"
"277","U","AGUASCALIENTES","AGUASCALIENTES"
"278","U","AGUASCALIENTES","AGUASCALIENTES"
"279","U","AGUASCALIENTES","AGUASCALIENTES"
"280","U","AGUASCALIENTES","AGUASCALIENTES"
"281","U","AGUASCALIENTES","AGUASCALIENTES"
"282","U","AGUASCALIENTES","AGUASCALIENTES"
"283","U","AGUASCALIENTES","AGUASCALIENTES"
"284","U","AGUASCALIENTES","AGUASCALIENTES"
"285","U","AGUASCALIENTES","AGUASCALIENTES"
"286","U","AGUASCALIENTES","AGUASCALIENTES"
"287","U","AGUASCALIENTES","AGUASCALIENTES"
"288","U","AGUASCALIENTES","AGUASCALIENTES"
"289","U","AGUASCALIENTES","AGUASCALIENTES"
"290","U","AGUASCALIENTES","AGUASCALIENTES"
"291","U","AGUASCALIENTES","AGUASCALIENTES"
"292","U","AGUASCALIENTES","AGUASCALIENTES"
"293","U","AGUASCALIENTES","AGUASCALIENTES"
"294","U","AGUASCALIENTES","AGUASCALIENTES"
"295","U","AGUASCALIENTES","AGUASCALIENTES"
"296","U","AGUASCALIENTES","AGUASCALIENTES"
"297","U","AGUASCALIENTES","AGUASCALIENTES"
"298","U","AGUASCALIENTES","AGUASCALIENTES"
"299","U","AGUASCALIENTES","AGUASCALIENTES"
"300","U","AGUASCALIENTES","AGUASCALIENTES"
"301","U","AGUASCALIENTES","AGUASCALIENTES"
"302","U","AGUASCALIENTES","AGUASCALIENTES"
"303","U","AGUASCALIENTES","AGUASCALIENTES"
"304","U","AGUASCALIENTES","AGUASCALIENTES"
"305","U","AGUASCALIENTES","AGUASCALIENTES"
"306","U","AGUASCALIENTES","AGUASCALIENTES"
"307","U","AGUASCALIENTES","AGUASCALIENTES"
"308","U","AGUASCALIENTES","AGUASCALIENTES"
"309","U","AGUASCALIENTES","AGUASCALIENTES"
"310","U","AGUASCALIENTES","AGUASCALIENTES"
"311","U","AGUASCALIENTES","AGUASCALIENTES"
"312","U","AGUASCALIENTES","AGUASCALIENTES"
"313","U","AGUASCALIENTES","AGUASCALIENTES"
"314","U","AGUASCALIENTES","AGUASCALIENTES"
"315","M","AGUASCALIENTES","AGUASCALIENTES"
"316","M","AGUASCALIENTES","AGUASCALIENTES"
"317","M","AGUASCALIENTES","AGUASCALIENTES"
"318","M","AGUASCALIENTES","AGUASCALIENTES"
"320","M","AGUASCALIENTES","AGUASCALIENTES"
"321","R","AGUASCALIENTES","AGUASCALIENTES"
"322","M","AGUASCALIENTES","AGUASCALIENTES"
"323","M","AGUASCALIENTES","AGUASCALIENTES"
"324","R","AGUASCALIENTES","AGUASCALIENTES"
"325","M","AGUASCALIENTES","AGUASCALIENTES"
"326","M","AGUASCALIENTES","AGUASCALIENTES"
"327","M","AGUASCALIENTES","AGUASCALIENTES"
"328","R","AGUASCALIENTES","AGUASCALIENTES"
"329","R","AGUASCALIENTES","AGUASCALIENTES"
"330","R","AGUASCALIENTES","AGUASCALIENTES"
"331","R","AGUASCALIENTES","AGUASCALIENTES"
"332","R","AGUASCALIENTES","AGUASCALIENTES"
"333","R","AGUASCALIENTES","AGUASCALIENTES"
"334","M","AGUASCALIENTES","AGUASCALIENTES"
"335","R","AGUASCALIENTES","AGUASCALIENTES"
"336","R","AGUASCALIENTES","AGUASCALIENTES"
"337","R","AGUASCALIENTES","AGUASCALIENTES"
"338","M","ASIENTOS","PALO ALTO"
"339","M","ASIENTOS","PALO ALTO"
"340","R","ASIENTOS","PALO ALTO"
"341","M","ASIENTOS","PALO ALTO"
"342","R","ASIENTOS","PALO ALTO"
"343","M","ASIENTOS","PALO ALTO"
"344","R","ASIENTOS","PALO ALTO"
"345","R","ASIENTOS","PALO ALTO"
"346","R","ASIENTOS","PALO ALTO"
"347","R","ASIENTOS","PALO ALTO"
"348","U","ASIENTOS","PALO ALTO"
"349","M","ASIENTOS","PALO ALTO"
"350","R","ASIENTOS","PALO ALTO"
"351","R","ASIENTOS","PALO ALTO"
"352","R","ASIENTOS","PALO ALTO"
"353","R","ASIENTOS","PALO ALTO"
"354","R","ASIENTOS","PALO ALTO"
"355","M","CALVILLO","CALVILLO"
"356","U","CALVILLO","CALVILLO"
"357","M","CALVILLO","CALVILLO"
"358","U","CALVILLO","CALVILLO"
"359","U","CALVILLO","CALVILLO"
"360","U","CALVILLO","CALVILLO"
"361","U","CALVILLO","CALVILLO"
"362","U","CALVILLO","CALVILLO"
"363","U","CALVILLO","CALVILLO"
"364","R","CALVILLO","CALVILLO"
"365","R","CALVILLO","CALVILLO"
"366","R","CALVILLO","CALVILLO"
"367","M","CALVILLO","CALVILLO"
"368","R","CALVILLO","CALVILLO"
"369","R","CALVILLO","CALVILLO"
"370","M","CALVILLO","CALVILLO"
"371","R","CALVILLO","CALVILLO"
"372","R","CALVILLO","CALVILLO"
"373","R","CALVILLO","CALVILLO"
"374","R","CALVILLO","CALVILLO"
"375","U","CALVILLO","CALVILLO"
"376","U","CALVILLO","CALVILLO"
"377","U","CALVILLO","CALVILLO"
"378","R","CALVILLO","CALVILLO"
"379","U","CALVILLO","CALVILLO"
"380","M","CALVILLO","CALVILLO"
"381","R","CALVILLO","CALVILLO"
"382","R","CALVILLO","CALVILLO"
"383","M","CALVILLO","CALVILLO"
"384","R","CALVILLO","CALVILLO"
"385","R","CALVILLO","CALVILLO"
"386","R","CALVILLO","CALVILLO"
"387","U","COSIO","RINCON DE ROMOS"
"388","M","COSIO","RINCON DE ROMOS"
"389","R","COSIO","RINCON DE ROMOS"
"390","M","COSIO","RINCON DE ROMOS"
"391","R","COSIO","RINCON DE ROMOS"
"392","M","JESUS MARIA","JESUS MARIA"
"393","U","JESUS MARIA","JESUS MARIA"
"394","U","JESUS MARIA","JESUS MARIA"
"395","U","JESUS MARIA","JESUS MARIA"
"396","U","JESUS MARIA","JESUS MARIA"
"397","U","JESUS MARIA","JESUS MARIA"
"398","R","JESUS MARIA","JESUS MARIA"
"399","R","JESUS MARIA","JESUS MARIA"
"400","M","JESUS MARIA","SAN FRANCISCO DE LOS ROMO"
"401","M","JESUS MARIA","SAN FRANCISCO DE LOS ROMO"
"402","U","JESUS MARIA","SAN FRANCISCO DE LOS ROMO"
"403","U","JESUS MARIA","SAN FRANCISCO DE LOS ROMO"
"404","R","SAN FRANCISCO DE LOS ROMO","SAN FRANCISCO DE LOS ROMO"
"405","M","JESUS MARIA","SAN FRANCISCO DE LOS ROMO"
"406","R","JESUS MARIA","JESUS MARIA"
"407","R","JESUS MARIA","JESUS MARIA"
"408","R","JESUS MARIA","JESUS MARIA"
"409","R","JESUS MARIA","JESUS MARIA"
"410","M","JESUS MARIA","JESUS MARIA"
"411","M","JESUS MARIA","JESUS MARIA"
"412","R","JESUS MARIA","JESUS MARIA"
"413","M","JESUS MARIA","SAN FRANCISCO DE LOS ROMO"
"414","U","JESUS MARIA","JESUS MARIA"
"415","M","PABELLON DE ARTEAGA","PABELLON DE ARTEAGA"
"416","M","PABELLON DE ARTEAGA","PABELLON DE ARTEAGA"
"417","U","PABELLON DE ARTEAGA","PABELLON DE ARTEAGA"
"418","M","PABELLON DE ARTEAGA","PABELLON DE ARTEAGA"
"419","U","PABELLON DE ARTEAGA","PABELLON DE ARTEAGA"
"420","U","PABELLON DE ARTEAGA","PABELLON DE ARTEAGA"
"421","U","PABELLON DE ARTEAGA","PABELLON DE ARTEAGA"
"422","U","PABELLON DE ARTEAGA","PABELLON DE ARTEAGA"
"423","U","PABELLON DE ARTEAGA","PABELLON DE ARTEAGA"
"424","U","PABELLON DE ARTEAGA","PABELLON DE ARTEAGA"
"425","U","PABELLON DE ARTEAGA","PABELLON DE ARTEAGA"
"426","R","PABELLON DE ARTEAGA","PABELLON DE ARTEAGA"
"427","R","PABELLON DE ARTEAGA","PABELLON DE ARTEAGA"
"428","R","PABELLON DE ARTEAGA","PABELLON DE ARTEAGA"
"429","U","PABELLON DE ARTEAGA","PABELLON DE ARTEAGA"
"430","R","PABELLON DE ARTEAGA","PABELLON DE ARTEAGA"
"431","U","RINCON DE ROMOS","RINCON DE ROMOS"
"432","U","RINCON DE ROMOS","RINCON DE ROMOS"
"433","M","RINCON DE ROMOS","RINCON DE ROMOS"
"434","U","RINCON DE ROMOS","RINCON DE ROMOS"
"435","U","RINCON DE ROMOS","RINCON DE ROMOS"
"436","U","RINCON DE ROMOS","RINCON DE ROMOS"
"437","M","RINCON DE ROMOS","RINCON DE ROMOS"
"438","U","RINCON DE ROMOS","RINCON DE ROMOS"
"439","U","RINCON DE ROMOS","RINCON DE ROMOS"
"440","M","RINCON DE ROMOS","RINCON DE ROMOS"
"441","U","RINCON DE ROMOS","RINCON DE ROMOS"
"442","R","RINCON DE ROMOS","RINCON DE ROMOS"
"443","U","RINCON DE ROMOS","RINCON DE ROMOS"
"444","R","RINCON DE ROMOS","RINCON DE ROMOS"
"445","R","RINCON DE ROMOS","RINCON DE ROMOS"
"446","R","RINCON DE ROMOS","RINCON DE ROMOS"
"447","U","RINCON DE ROMOS","RINCON DE ROMOS"
"448","R","RINCON DE ROMOS","RINCON DE ROMOS"
"449","M","RINCON DE ROMOS","RINCON DE ROMOS"
"450","M","RINCON DE ROMOS","RINCON DE ROMOS"
"451","R","RINCON DE ROMOS","RINCON DE ROMOS"
"452","U","SAN JOSE DE GRACIA","RINCON DE ROMOS"
"453","M","SAN JOSE DE GRACIA","RINCON DE ROMOS"
"454","M","SAN JOSE DE GRACIA","RINCON DE ROMOS"
"455","R","SAN JOSE DE GRACIA","RINCON DE ROMOS"
"456","R","SAN JOSE DE GRACIA","RINCON DE ROMOS"
"457","M","SAN JOSE DE GRACIA","RINCON DE ROMOS"
"458","R","SAN JOSE DE GRACIA","RINCON DE ROMOS"
"459","R","SAN JOSE DE GRACIA","RINCON DE ROMOS"
"460","U","TEPEZALA","PABELLON DE ARTEAGA"
"461","U","TEPEZALA","PABELLON DE ARTEAGA"
"462","M","TEPEZALA","PABELLON DE ARTEAGA"
"463","R","TEPEZALA","PABELLON DE ARTEAGA"
"464","R","TEPEZALA","PABELLON DE ARTEAGA"
"465","R","TEPEZALA","PABELLON DE ARTEAGA"
"466","R","TEPEZALA","PABELLON DE ARTEAGA"
"467","R","TEPEZALA","PABELLON DE ARTEAGA"
"468","R","TEPEZALA","PABELLON DE ARTEAGA"
"469","U","TEPEZALA","PABELLON DE ARTEAGA"
"470","M","SAN FRANCISCO DE LOS ROMO","SAN FRANCISCO DE LOS ROMO"
"471","U","SAN FRANCISCO DE LOS ROMO","SAN FRANCISCO DE LOS ROMO"
"472","U","SAN FRANCISCO DE LOS ROMO","SAN FRANCISCO DE LOS ROMO"
"473","M","SAN FRANCISCO DE LOS ROMO","SAN FRANCISCO DE LOS ROMO"
"474","R","SAN FRANCISCO DE LOS ROMO","SAN FRANCISCO DE LOS ROMO"
"475","R","SAN FRANCISCO DE LOS ROMO","SAN FRANCISCO DE LOS ROMO"
"476","R","SAN FRANCISCO DE LOS ROMO","SAN FRANCISCO DE LOS ROMO"
"477","R","SAN FRANCISCO DE LOS ROMO","SAN FRANCISCO DE LOS ROMO"
"478","M","SAN FRANCISCO DE LOS ROMO","SAN FRANCISCO DE LOS ROMO"
"479","M","EL LLANO","PALO ALTO"
"480","M","EL LLANO","PALO ALTO"
"481","R","EL LLANO","PALO ALTO"
"482","R","EL LLANO","PALO ALTO"
"483","R","EL LLANO","PALO ALTO"
"484","R","EL LLANO","PALO ALTO"
"485","R","EL LLANO","PALO ALTO"
"486","R","EL LLANO","PALO ALTO"
"488","R","PABELLON DE ARTEAGA","PABELLON DE ARTEAGA"
"489","U","AGUASCALIENTES","AGUASCALIENTES"
"490","U","AGUASCALIENTES","AGUASCALIENTES"
"491","U","AGUASCALIENTES","AGUASCALIENTES"
"492","U","AGUASCALIENTES","AGUASCALIENTES"
"493","U","AGUASCALIENTES","AGUASCALIENTES"
"494","U","AGUASCALIENTES","AGUASCALIENTES"
"495","U","AGUASCALIENTES","AGUASCALIENTES"
"496","U","AGUASCALIENTES","AGUASCALIENTES"
"497","U","AGUASCALIENTES","AGUASCALIENTES"
"498","U","AGUASCALIENTES","AGUASCALIENTES"
"499","U","AGUASCALIENTES","AGUASCALIENTES"
"500","U","AGUASCALIENTES","AGUASCALIENTES"
"501","U","AGUASCALIENTES","AGUASCALIENTES"
"502","U","AGUASCALIENTES","AGUASCALIENTES"
"503","U","AGUASCALIENTES","AGUASCALIENTES"
"504","U","AGUASCALIENTES","AGUASCALIENTES"
"505","U","AGUASCALIENTES","AGUASCALIENTES"
"506","U","AGUASCALIENTES","AGUASCALIENTES"
"507","U","AGUASCALIENTES","AGUASCALIENTES"
"508","U","AGUASCALIENTES","AGUASCALIENTES"
"509","U","AGUASCALIENTES","AGUASCALIENTES"
"510","U","AGUASCALIENTES","AGUASCALIENTES"
"511","U","AGUASCALIENTES","AGUASCALIENTES"
"512","U","AGUASCALIENTES","AGUASCALIENTES"
"513","U","AGUASCALIENTES","AGUASCALIENTES"
"514","U","AGUASCALIENTES","AGUASCALIENTES"
"515","U","AGUASCALIENTES","AGUASCALIENTES"
"516","U","AGUASCALIENTES","AGUASCALIENTES"
"517","U","AGUASCALIENTES","AGUASCALIENTES"
"518","U","AGUASCALIENTES","AGUASCALIENTES"
"519","U","AGUASCALIENTES","AGUASCALIENTES"
"520","U","AGUASCALIENTES","AGUASCALIENTES"
"521","U","AGUASCALIENTES","AGUASCALIENTES"
"522","U","AGUASCALIENTES","AGUASCALIENTES"
"523","U","AGUASCALIENTES","AGUASCALIENTES"
"524","U","AGUASCALIENTES","AGUASCALIENTES"
"525","U","AGUASCALIENTES","AGUASCALIENTES"
"526","U","AGUASCALIENTES","AGUASCALIENTES"
"527","U","AGUASCALIENTES","AGUASCALIENTES"
"528","U","AGUASCALIENTES","AGUASCALIENTES"
"529","U","AGUASCALIENTES","AGUASCALIENTES"
"530","U","AGUASCALIENTES","AGUASCALIENTES"
"531","U","AGUASCALIENTES","AGUASCALIENTES"
"532","U","AGUASCALIENTES","AGUASCALIENTES"
"533","U","AGUASCALIENTES","AGUASCALIENTES"
"534","U","AGUASCALIENTES","AGUASCALIENTES"
"535","U","AGUASCALIENTES","AGUASCALIENTES"
"536","U","AGUASCALIENTES","AGUASCALIENTES"
"537","U","AGUASCALIENTES","AGUASCALIENTES"
"538","U","AGUASCALIENTES","AGUASCALIENTES"
"539","U","AGUASCALIENTES","AGUASCALIENTES"
"540","U","AGUASCALIENTES","AGUASCALIENTES"
"541","U","AGUASCALIENTES","AGUASCALIENTES"
"542","U","AGUASCALIENTES","AGUASCALIENTES"
"543","U","AGUASCALIENTES","AGUASCALIENTES"
"544","U","AGUASCALIENTES","AGUASCALIENTES"
"545","U","AGUASCALIENTES","AGUASCALIENTES"
"546","U","AGUASCALIENTES","AGUASCALIENTES"
"547","U","AGUASCALIENTES","AGUASCALIENTES"
"548","U","AGUASCALIENTES","AGUASCALIENTES"
"549","U","AGUASCALIENTES","AGUASCALIENTES"
"550","U","AGUASCALIENTES","AGUASCALIENTES"
"551","U","AGUASCALIENTES","AGUASCALIENTES"
"552","U","AGUASCALIENTES","AGUASCALIENTES"
"553","U","AGUASCALIENTES","AGUASCALIENTES"
"554","U","AGUASCALIENTES","AGUASCALIENTES"
"555","U","AGUASCALIENTES","AGUASCALIENTES"
"556","U","AGUASCALIENTES","AGUASCALIENTES"
"557","U","AGUASCALIENTES","AGUASCALIENTES"
"558","U","AGUASCALIENTES","AGUASCALIENTES"
"559","U","AGUASCALIENTES","AGUASCALIENTES"
"560","U","AGUASCALIENTES","AGUASCALIENTES"
"561","U","AGUASCALIENTES","AGUASCALIENTES"
"562","U","AGUASCALIENTES","AGUASCALIENTES"
"563","U","AGUASCALIENTES","AGUASCALIENTES"
"564","U","AGUASCALIENTES","AGUASCALIENTES"
"565","U","AGUASCALIENTES","AGUASCALIENTES"
"566","U","AGUASCALIENTES","AGUASCALIENTES"
"567","U","AGUASCALIENTES","AGUASCALIENTES"
"568","U","AGUASCALIENTES","AGUASCALIENTES"
"569","U","AGUASCALIENTES","AGUASCALIENTES"
"570","U","AGUASCALIENTES","AGUASCALIENTES"
"571","U","AGUASCALIENTES","AGUASCALIENTES"
"572","U","AGUASCALIENTES","AGUASCALIENTES"
"573","M","AGUASCALIENTES","AGUASCALIENTES"
"574","U","AGUASCALIENTES","AGUASCALIENTES"
"575","M","AGUASCALIENTES","AGUASCALIENTES"
"576","U","AGUASCALIENTES","AGUASCALIENTES"
"577","M","AGUASCALIENTES","AGUASCALIENTES"
"578","U","AGUASCALIENTES","AGUASCALIENTES"
"579","U","AGUASCALIENTES","AGUASCALIENTES"
"580","U","AGUASCALIENTES","AGUASCALIENTES"
"581","U","AGUASCALIENTES","AGUASCALIENTES"
"582","U","AGUASCALIENTES","AGUASCALIENTES"
"583","U","AGUASCALIENTES","AGUASCALIENTES"
"584","U","AGUASCALIENTES","AGUASCALIENTES"
"585","U","AGUASCALIENTES","AGUASCALIENTES"
"586","U","AGUASCALIENTES","AGUASCALIENTES"
"587","U","AGUASCALIENTES","AGUASCALIENTES"
"588","U","AGUASCALIENTES","AGUASCALIENTES"
"589","M","AGUASCALIENTES","AGUASCALIENTES"
"590","U","AGUASCALIENTES","AGUASCALIENTES"
"591","U","AGUASCALIENTES","AGUASCALIENTES"
"592","U","AGUASCALIENTES","AGUASCALIENTES"
"593","U","AGUASCALIENTES","AGUASCALIENTES"
"594","U","AGUASCALIENTES","AGUASCALIENTES"
"595","U","AGUASCALIENTES","AGUASCALIENTES"
"596","U","AGUASCALIENTES","AGUASCALIENTES"
"597","U","AGUASCALIENTES","AGUASCALIENTES"
"598","U","AGUASCALIENTES","AGUASCALIENTES"
"599","U","AGUASCALIENTES","AGUASCALIENTES"
"600","U","AGUASCALIENTES","AGUASCALIENTES"
"601","U","AGUASCALIENTES","AGUASCALIENTES"
"602","U","AGUASCALIENTES","AGUASCALIENTES"
"603","U","AGUASCALIENTES","AGUASCALIENTES"
"604","U","AGUASCALIENTES","AGUASCALIENTES"
"605","U","AGUASCALIENTES","AGUASCALIENTES"
"606","U","AGUASCALIENTES","AGUASCALIENTES"
"607","U","AGUASCALIENTES","AGUASCALIENTES"
"1","U","AGUASCALIENTES","AGUASCALIENTES"
"2","U","AGUASCALIENTES","AGUASCALIENTES"
"3","U","AGUASCALIENTES","AGUASCALIENTES"
"4","U","AGUASCALIENTES","AGUASCALIENTES"
"5","U","AGUASCALIENTES","AGUASCALIENTES"
"6","U","AGUASCALIENTES","AGUASCALIENTES"
"7","U","AGUASCALIENTES","AGUASCALIENTES"
"8","U","AGUASCALIENTES","AGUASCALIENTES"
"9","U","AGUASCALIENTES","AGUASCALIENTES"
"10","U","AGUASCALIENTES","AGUASCALIENTES"
"11","U","AGUASCALIENTES","AGUASCALIENTES"
"12","U","AGUASCALIENTES","AGUASCALIENTES"
"13","U","AGUASCALIENTES","AGUASCALIENTES"
"14","U","AGUASCALIENTES","AGUASCALIENTES"
"15","U","AGUASCALIENTES","AGUASCALIENTES"
"16","U","AGUASCALIENTES","AGUASCALIENTES"
"17","U","AGUASCALIENTES","AGUASCALIENTES"
"18","U","AGUASCALIENTES","AGUASCALIENTES"
"19","U","AGUASCALIENTES","AGUASCALIENTES"
"20","U","AGUASCALIENTES","AGUASCALIENTES"
"21","U","AGUASCALIENTES","AGUASCALIENTES"
"22","U","AGUASCALIENTES","AGUASCALIENTES"
"23","U","AGUASCALIENTES","AGUASCALIENTES"
"24","U","AGUASCALIENTES","AGUASCALIENTES"
"25","U","AGUASCALIENTES","AGUASCALIENTES"
"26","U","AGUASCALIENTES","AGUASCALIENTES"
"27","U","AGUASCALIENTES","AGUASCALIENTES"
"28","U","AGUASCALIENTES","AGUASCALIENTES"
"29","U","AGUASCALIENTES","AGUASCALIENTES"
"30","U","AGUASCALIENTES","AGUASCALIENTES"
"31","U","AGUASCALIENTES","AGUASCALIENTES"
"32","U","AGUASCALIENTES","AGUASCALIENTES"
"33","U","AGUASCALIENTES","AGUASCALIENTES"
"34","U","AGUASCALIENTES","AGUASCALIENTES"
"35","U","AGUASCALIENTES","AGUASCALIENTES"
"36","U","AGUASCALIENTES","AGUASCALIENTES"
"37","U","AGUASCALIENTES","AGUASCALIENTES"
"38","U","AGUASCALIENTES","AGUASCALIENTES"
"39","U","AGUASCALIENTES","AGUASCALIENTES"
"40","U","AGUASCALIENTES","AGUASCALIENTES"
"41","U","AGUASCALIENTES","AGUASCALIENTES"
"42","U","AGUASCALIENTES","AGUASCALIENTES"
"43","U","AGUASCALIENTES","AGUASCALIENTES"
"44","U","AGUASCALIENTES","AGUASCALIENTES"
"45","U","AGUASCALIENTES","AGUASCALIENTES"
"46","U","AGUASCALIENTES","AGUASCALIENTES"
"47","U","AGUASCALIENTES","AGUASCALIENTES"
"48","U","AGUASCALIENTES","AGUASCALIENTES"
"49","U","AGUASCALIENTES","AGUASCALIENTES"
"50","U","AGUASCALIENTES","AGUASCALIENTES"
"51","U","AGUASCALIENTES","AGUASCALIENTES"
"52","U","AGUASCALIENTES","AGUASCALIENTES"
"53","U","AGUASCALIENTES","AGUASCALIENTES"
"54","U","AGUASCALIENTES","AGUASCALIENTES"
"55","U","AGUASCALIENTES","AGUASCALIENTES"
"56","U","AGUASCALIENTES","AGUASCALIENTES"
"57","U","AGUASCALIENTES","AGUASCALIENTES"
"58","U","AGUASCALIENTES","AGUASCALIENTES"
"59","U","AGUASCALIENTES","AGUASCALIENTES"
"60","U","AGUASCALIENTES","AGUASCALIENTES"
"61","U","AGUASCALIENTES","AGUASCALIENTES"
"62","U","AGUASCALIENTES","AGUASCALIENTES"
"63","U","AGUASCALIENTES","AGUASCALIENTES"
"64","U","AGUASCALIENTES","AGUASCALIENTES"
"65","U","AGUASCALIENTES","AGUASCALIENTES"
"66","U","AGUASCALIENTES","AGUASCALIENTES"
"67","U","AGUASCALIENTES","AGUASCALIENTES"
"68","U","AGUASCALIENTES","AGUASCALIENTES"
"69","U","AGUASCALIENTES","AGUASCALIENTES"
"70","U","AGUASCALIENTES","AGUASCALIENTES"
"71","U","AGUASCALIENTES","AGUASCALIENTES"
"72","U","AGUASCALIENTES","AGUASCALIENTES"
"73","U","AGUASCALIENTES","AGUASCALIENTES"
"74","U","AGUASCALIENTES","AGUASCALIENTES"
"75","U","AGUASCALIENTES","AGUASCALIENTES"
"76","U","AGUASCALIENTES","AGUASCALIENTES"
"77","U","AGUASCALIENTES","AGUASCALIENTES"
"78","U","AGUASCALIENTES","AGUASCALIENTES"
"79","U","AGUASCALIENTES","AGUASCALIENTES"
"80","M","AGUASCALIENTES","AGUASCALIENTES"
"82","U","AGUASCALIENTES","AGUASCALIENTES"
"83","M","AGUASCALIENTES","AGUASCALIENTES"
"84","U","AGUASCALIENTES","AGUASCALIENTES"
"85","U","AGUASCALIENTES","AGUASCALIENTES"
"86","U","AGUASCALIENTES","AGUASCALIENTES"
"87","U","AGUASCALIENTES","AGUASCALIENTES"
"88","U","AGUASCALIENTES","AGUASCALIENTES"
"89","U","AGUASCALIENTES","AGUASCALIENTES"
"90","U","AGUASCALIENTES","AGUASCALIENTES"
"91","U","AGUASCALIENTES","AGUASCALIENTES"
"92","U","AGUASCALIENTES","AGUASCALIENTES"
"93","U","AGUASCALIENTES","AGUASCALIENTES"
"94","U","AGUASCALIENTES","AGUASCALIENTES"
"95","U","AGUASCALIENTES","AGUASCALIENTES"
"96","U","AGUASCALIENTES","AGUASCALIENTES"
"97","U","AGUASCALIENTES","AGUASCALIENTES"
"99","U","AGUASCALIENTES","AGUASCALIENTES"
"100","U","AGUASCALIENTES","AGUASCALIENTES"
"101","U","AGUASCALIENTES","AGUASCALIENTES"
"102","U","AGUASCALIENTES","AGUASCALIENTES"
"103","U","AGUASCALIENTES","AGUASCALIENTES"
"104","U","AGUASCALIENTES","AGUASCALIENTES"
"105","U","AGUASCALIENTES","AGUASCALIENTES"
"106","U","AGUASCALIENTES","AGUASCALIENTES"
"107","U","AGUASCALIENTES","AGUASCALIENTES"
"108","U","AGUASCALIENTES","AGUASCALIENTES"
"109","U","AGUASCALIENTES","AGUASCALIENTES"
"110","U","AGUASCALIENTES","AGUASCALIENTES"
"111","U","AGUASCALIENTES","AGUASCALIENTES"
"112","U","AGUASCALIENTES","AGUASCALIENTES"
"113","U","AGUASCALIENTES","AGUASCALIENTES"
"114","U","AGUASCALIENTES","AGUASCALIENTES"
"115","U","AGUASCALIENTES","AGUASCALIENTES"
"116","U","AGUASCALIENTES","AGUASCALIENTES"
"117","U","AGUASCALIENTES","AGUASCALIENTES"
"118","U","AGUASCALIENTES","AGUASCALIENTES"
"119","U","AGUASCALIENTES","AGUASCALIENTES"
"120","U","AGUASCALIENTES","AGUASCALIENTES"
"121","U","AGUASCALIENTES","AGUASCALIENTES"
"122","U","AGUASCALIENTES","AGUASCALIENTES"
"123","U","AGUASCALIENTES","AGUASCALIENTES"
"124","U","AGUASCALIENTES","AGUASCALIENTES"
"125","U","AGUASCALIENTES","AGUASCALIENTES"
"126","U","AGUASCALIENTES","AGUASCALIENTES"
"127","U","AGUASCALIENTES","AGUASCALIENTES"
"128","U","AGUASCALIENTES","AGUASCALIENTES"
"129","U","AGUASCALIENTES","AGUASCALIENTES"
"130","U","AGUASCALIENTES","AGUASCALIENTES"
"131","U","AGUASCALIENTES","AGUASCALIENTES"
"132","U","AGUASCALIENTES","AGUASCALIENTES"
"133","U","AGUASCALIENTES","AGUASCALIENTES"
"134","U","AGUASCALIENTES","AGUASCALIENTES"
"135","U","AGUASCALIENTES","AGUASCALIENTES"
"136","U","AGUASCALIENTES","AGUASCALIENTES"
"137","U","AGUASCALIENTES","AGUASCALIENTES"
"138","U","AGUASCALIENTES","AGUASCALIENTES"
"139","U","AGUASCALIENTES","AGUASCALIENTES"
"140","U","AGUASCALIENTES","AGUASCALIENTES"
"141","U","AGUASCALIENTES","AGUASCALIENTES"
"142","U","AGUASCALIENTES","AGUASCALIENTES"
"143","U","AGUASCALIENTES","AGUASCALIENTES"
"144","U","AGUASCALIENTES","AGUASCALIENTES"
"145","U","AGUASCALIENTES","AGUASCALIENTES"
"146","U","AGUASCALIENTES","AGUASCALIENTES"
"147","U","AGUASCALIENTES","AGUASCALIENTES"
"148","U","AGUASCALIENTES","AGUASCALIENTES"
"149","U","AGUASCALIENTES","AGUASCALIENTES"
"150","U","AGUASCALIENTES","AGUASCALIENTES"
"151","U","AGUASCALIENTES","AGUASCALIENTES"
"152","U","AGUASCALIENTES","AGUASCALIENTES"
"153","U","AGUASCALIENTES","AGUASCALIENTES"
"154","U","AGUASCALIENTES","AGUASCALIENTES"
"155","U","AGUASCALIENTES","AGUASCALIENTES"
"156","U","AGUASCALIENTES","AGUASCALIENTES"
"157","U","AGUASCALIENTES","AGUASCALIENTES"
"158","U","AGUASCALIENTES","AGUASCALIENTES"
"159","U","AGUASCALIENTES","AGUASCALIENTES"
"160","U","AGUASCALIENTES","AGUASCALIENTES"
"161","U","AGUASCALIENTES","AGUASCALIENTES"
"162","U","AGUASCALIENTES","AGUASCALIENTES"
"163","U","AGUASCALIENTES","AGUASCALIENTES"
"164","U","AGUASCALIENTES","AGUASCALIENTES"
"165","U","AGUASCALIENTES","AGUASCALIENTES"
"167","U","AGUASCALIENTES","AGUASCALIENTES"
"168","U","AGUASCALIENTES","AGUASCALIENTES"
"169","U","AGUASCALIENTES","AGUASCALIENTES"
"170","U","AGUASCALIENTES","AGUASCALIENTES"
"171","U","AGUASCALIENTES","AGUASCALIENTES"
"172","U","AGUASCALIENTES","AGUASCALIENTES"
"173","U","AGUASCALIENTES","AGUASCALIENTES"
"174","U","AGUASCALIENTES","AGUASCALIENTES"
"175","U","AGUASCALIENTES","AGUASCALIENTES"
"176","U","AGUASCALIENTES","AGUASCALIENTES"
"177","U","AGUASCALIENTES","AGUASCALIENTES"
"178","U","AGUASCALIENTES","AGUASCALIENTES"
"179","U","AGUASCALIENTES","AGUASCALIENTES"
"180","U","AGUASCALIENTES","AGUASCALIENTES"
"181","U","AGUASCALIENTES","AGUASCALIENTES"
"182","U","AGUASCALIENTES","AGUASCALIENTES"
"183","U","AGUASCALIENTES","AGUASCALIENTES"
"184","U","AGUASCALIENTES","AGUASCALIENTES"
"185","U","AGUASCALIENTES","AGUASCALIENTES"
"186","U","AGUASCALIENTES","AGUASCALIENTES"
"187","U","AGUASCALIENTES","AGUASCALIENTES"
"188","U","AGUASCALIENTES","AGUASCALIENTES"
"189","U","AGUASCALIENTES","AGUASCALIENTES"
"190","U","AGUASCALIENTES","AGUASCALIENTES"
"191","U","AGUASCALIENTES","AGUASCALIENTES"
"192","U","AGUASCALIENTES","AGUASCALIENTES"
"193","U","AGUASCALIENTES","AGUASCALIENTES"
"194","U","AGUASCALIENTES","AGUASCALIENTES"
"195","U","AGUASCALIENTES","AGUASCALIENTES"
"196","U","AGUASCALIENTES","AGUASCALIENTES"
"197","U","AGUASCALIENTES","AGUASCALIENTES"
"198","U","AGUASCALIENTES","AGUASCALIENTES"
"199","U","AGUASCALIENTES","AGUASCALIENTES"
"200","U","AGUASCALIENTES","AGUASCALIENTES"
"201","U","AGUASCALIENTES","AGUASCALIENTES"
"202","U","AGUASCALIENTES","AGUASCALIENTES"
"203","U","AGUASCALIENTES","AGUASCALIENTES"
"204","U","AGUASCALIENTES","AGUASCALIENTES"
"205","U","AGUASCALIENTES","AGUASCALIENTES"
"206","U","AGUASCALIENTES","AGUASCALIENTES"
"207","U","AGUASCALIENTES","AGUASCALIENTES"
"208","U","AGUASCALIENTES","AGUASCALIENTES"
"209","U","AGUASCALIENTES","AGUASCALIENTES"
"210","U","AGUASCALIENTES","AGUASCALIENTES"
"211","U","AGUASCALIENTES","AGUASCALIENTES"
"212","U","AGUASCALIENTES","AGUASCALIENTES"
"213","U","AGUASCALIENTES","AGUASCALIENTES"
"214","U","AGUASCALIENTES","AGUASCALIENTES"
"215","U","AGUASCALIENTES","AGUASCALIENTES"
"216","U","AGUASCALIENTES","AGUASCALIENTES"
"217","U","AGUASCALIENTES","AGUASCALIENTES"
"218","U","AGUASCALIENTES","AGUASCALIENTES"
"219","U","AGUASCALIENTES","AGUASCALIENTES"
"220","U","AGUASCALIENTES","AGUASCALIENTES"
"221","U","AGUASCALIENTES","AGUASCALIENTES"
